par1.gamma,par2.gamma,group
1.236733582,0.954597405,0 va
0.376426687,1.184815591,750 va
0.15863961,1.210326642,30000 va