"","Estimate","Std. Error","z value","Pr(>|z|)","AIC","Deviance","Null_Deviance","Residual_Df","Null_Df"
"(Intercept)",-2.66694833156524,1.38989436756782,-1.91881368382846,0.0550079174580718,70.7192834251809,64.7192834251809,118.581992404983,128,130
"elisa_od_14",-71.6169790783069,24.0767137383572,-2.97453298056255,0.00293434910589365,70.7192834251809,64.7192834251809,118.581992404983,128,130
"log10.sec_dose",1.91608593980221,0.398785795139482,4.8047998779195,1.54906366412457e-06,70.7192834251809,64.7192834251809,118.581992404983,128,130
