"","Estimate","Std. Error","z value","Pr(>|z|)","AIC","Deviance","Null_Deviance","Residual_Df","Null_Df"
"(Intercept)",4.13051418384358,3.21173119791206,1.28607094719783,0.198418302385056,91.4436348774904,85.4436348774904,145.116702826074,142,144
"elisa_od_41",-217.930218891047,73.3704600139035,-2.97027194390971,0.0029753623126743,91.4436348774904,85.4436348774904,145.116702826074,142,144
"log10.sec_dose",1.76401865492133,0.327952614463418,5.37888273221283,7.49495061066555e-08,91.4436348774904,85.4436348774904,145.116702826074,142,144
