group1,group2,F_value,p_value,p_adj
High,Sham,16.31461504998186,1.0735033126024541e-4,3.2205099378073625e-4
High,Low,5.6795670617009915,0.019033231425925154,0.019033231425925154
Sham,Low,7.752586617417165,0.006485538781899445,0.009728308172849167
