group1,group2,F_value,p_value,p_adj
High,Sham,32.18031545759779,1.9962177635493605e-7,5.988653290648082e-7
High,Low,2.223388619821123,0.13905109993613557,0.13905109993613557
Sham,Low,16.48894523262866,1.1335090129914593e-4,1.700263519487189e-4
